﻿<?xml version="1.0"?>
<strings>
	<main_menu>
		<play>Играть</play>
		<options>Настройки</options>
		<high_scores>Рекорды</high_scores>
	</main_menu>
	<options>
		<music_on>Музыка ВКЛ</music_on>
		<music_off>Музыка ВЫКЛ</music_off>
		<sounds_on>Звуки ВКЛ</sounds_on>
		<sounds_off>Звуки ВЫКЛ</sounds_off>
		<high_quality_on>Графика Высокая</high_quality_on>
		<high_quality_off>Графика Низкая</high_quality_off>
		<back>Назад</back>
	</options>
	<game_menu>
		<paused>Пауза</paused>
		<message>Опустите пальцы на джойстики, чтобы продолжить игру</message>
		<main_menu>Главное Меню</main_menu>		
	</game_menu>	
	<game>
		<lvl>ВОЛНА </lvl>
		<tier>УР </tier>		
	</game>	
	<result>
		<done>Готово</done>
	</result>
</strings> 