﻿<?xml version="1.0"?>
<strings>
	<main_menu>
		<play>Play</play>
		<play1>1 Player</play1>
		<play2>2 Players</play2>
		<options>Options</options>
		<high_scores>High Scores</high_scores>
		<achievements>Achievements</achievements>
	</main_menu>
	<options>
		<music_on>Music On</music_on>
		<music_off>Music Off</music_off>
		<sounds_on>Sounds On</sounds_on>
		<sounds_off>Sounds Off</sounds_off>
		<high_quality_on>Quality High</high_quality_on>
		<high_quality_off>Quality Low</high_quality_off>
		<back>Back</back>
	</options>
	<game_menu>
		<paused>Paused</paused>
		<message>Put thumbs down to return to game</message>
		<main_menu>Main Menu</main_menu>		
	</game_menu>	
	<game>
		<lvl>LVL </lvl>
		<tier>TIER </tier>		
	</game>	
	<result>
		<done>Done</done>
	</result>	
</strings> 